{"cameraMode":{"drawMode":0,"name":"Shaded","section":"Shading Mode"},"sceneLighting":false,"audioPlay":false,"sceneViewState":{"m_AlwaysRefresh":false,"showFog":true,"showSkybox":false,"showFlares":true,"showImageEffects":true,"showParticleSystems":true,"showVisualEffectGraphs":true,"m_FxEnabled":true},"in2DMode":false,"pivot":{"x":0.18079495429992677,"y":0.22760820388793946,"z":0.034043073654174808},"rotation":{"x":-0.028786122798919679,"y":0.03779444843530655,"z":-0.0011939643882215024,"w":-0.9991161227226257},"size":3.9173052310943605,"orthographic":false}